{"cameraMode":{"drawMode":0,"name":"Shaded","section":"Shading Mode"},"sceneLighting":true,"audioPlay":false,"sceneViewState":{"m_AlwaysRefresh":false,"showFog":true,"showSkybox":true,"showFlares":true,"showImageEffects":true,"showParticleSystems":true,"showVisualEffectGraphs":true,"m_FxEnabled":true},"in2DMode":false,"pivot":{"x":0.9376012086868286,"y":0.4066060185432434,"z":9.423402786254883},"rotation":{"x":0.12078263610601425,"y":-0.1084774062037468,"z":0.013275072909891606,"w":0.9866518974304199},"size":13.26241683959961,"orthographic":false}